Satisfaction Score,Complaints Raised,Complaints Resolved,Complaint Resolution Ratio,Resolution Time (hours),Feedback Sentiment,Revenue Generated (USD),Service Renewal Likelihood (%),Client Communication Rating,Past Renewals,Churn Risk,Account Manager Engagement,Product Usability Score,Customer Tenure
1,7,1,0.14285714285714285,46,Positive,113480,81,5,3,High,1,8,2
2,13,2,0.15384615384615385,31,Negative,279059,90,10,4,Low,9,2,3
1,0,0,1.0,54,Positive,166444,68,4,1,High,8,8,2
1,5,4,0.8,33,Negative,241517,64,7,4,Low,2,3,1
1,13,11,0.8461538461538461,39,Positive,373488,78,5,2,Low,5,9,2
2,1,0,0.0,28,Positive,254071,72,7,0,Low,9,2,5
1,13,3,0.23076923076923078,20,Negative,447153,73,2,5,High,2,6,10
3,14,12,0.8571428571428571,27,Positive,91311,62,8,0,Medium,10,4,10
2,5,1,0.2,33,Neutral,474220,99,5,3,Low,4,10,3
3,8,5,0.625,12,Neutral,240454,66,5,4,High,6,7,1
5,1,0,0.0,5,Negative,255297,67,10,5,High,10,1,8
1,13,12,0.9230769230769231,59,Neutral,211282,65,3,1,Medium,4,2,4
1,3,2,0.6666666666666666,59,Negative,321234,94,5,5,High,4,10,8
2,15,3,0.2,31,Positive,334210,99,9,0,Low,4,5,2
6,2,0,0.0,1,Neutral,387023,57,9,1,High,8,8,3
1,6,1,0.16666666666666666,56,Positive,114647,94,7,4,High,4,3,2
1,3,2,0.6666666666666666,47,Neutral,86764,50,8,0,Low,1,8,5
2,1,0,0.0,16,Neutral,404684,73,2,2,High,8,7,6
1,8,8,1.0,45,Negative,153268,50,3,3,High,2,7,8
5,14,1,0.07142857142857142,2,Negative,205827,60,7,1,Medium,8,5,4
2,7,2,0.2857142857142857,19,Neutral,413223,72,8,5,High,1,1,4
3,0,0,1.0,18,Neutral,469551,85,6,3,High,3,9,9
1,9,3,0.3333333333333333,61,Neutral,192480,53,8,1,Low,10,5,7
1,7,1,0.14285714285714285,62,Neutral,409736,86,9,3,High,7,9,9
1,4,2,0.5,52,Positive,118045,59,2,2,Medium,10,7,6
4,6,2,0.3333333333333333,7,Neutral,33326,96,6,4,High,6,7,3
4,7,7,1.0,3,Negative,203036,77,8,1,Low,2,2,3
1,1,0,0.0,49,Positive,152074,54,3,5,Low,8,6,6
1,6,2,0.3333333333333333,71,Negative,84659,94,7,5,High,6,5,5
1,7,4,0.5714285714285714,38,Positive,474473,89,8,2,Low,9,4,4
1,3,3,1.0,57,Negative,380230,53,5,3,Low,7,9,2
1,0,0,1.0,64,Neutral,492298,50,1,4,High,9,6,3
1,9,9,1.0,49,Negative,495723,70,9,0,Medium,8,6,9
4,2,0,0.0,13,Positive,176608,95,5,5,High,10,9,7
1,1,1,1.0,25,Negative,383839,91,2,0,Medium,1,8,6
1,1,1,1.0,57,Neutral,301671,54,9,3,Low,10,3,3
1,15,7,0.4666666666666667,59,Negative,395207,62,4,3,Low,8,2,1
1,0,0,1.0,51,Neutral,119817,62,10,0,Medium,3,7,9
1,9,2,0.2222222222222222,37,Neutral,71810,66,2,5,High,1,2,10
1,9,9,1.0,71,Positive,299005,88,9,1,High,6,1,8
2,5,0,0.0,21,Neutral,436509,89,3,0,Medium,5,7,4
1,9,2,0.2222222222222222,56,Positive,168535,92,10,3,Low,1,8,6
3,12,7,0.5833333333333334,3,Negative,208526,54,1,4,Medium,3,7,3
2,0,0,1.0,14,Neutral,488580,75,1,0,Low,5,5,5
2,15,5,0.3333333333333333,30,Positive,207594,87,7,1,Low,2,7,5
3,13,5,0.38461538461538464,5,Neutral,90153,85,6,4,Low,1,1,2
1,2,1,0.5,70,Negative,26236,58,10,5,Low,4,9,2
1,7,2,0.2857142857142857,36,Positive,143201,64,6,2,Medium,5,3,7
1,10,0,0.0,41,Positive,256114,65,6,1,High,1,7,10
1,11,0,0.0,57,Positive,433001,73,4,3,Medium,4,6,9
1,0,0,1.0,56,Negative,189619,67,5,3,Medium,9,5,9
4,9,1,0.1111111111111111,1,Neutral,199695,86,7,0,High,9,2,1
1,4,4,1.0,25,Negative,473515,72,2,2,Low,9,4,9
1,5,5,1.0,25,Neutral,159571,55,2,5,Medium,8,2,7
3,4,3,0.75,27,Neutral,69609,65,9,4,Low,10,6,4
5,5,4,0.8,11,Negative,489544,96,6,0,High,9,9,2
4,13,11,0.8461538461538461,12,Negative,19686,78,7,1,High,8,3,7
1,8,7,0.875,65,Negative,12457,55,10,3,High,3,2,10
3,1,1,1.0,2,Positive,265556,83,2,4,Medium,10,3,5
2,0,0,1.0,36,Negative,311603,69,10,4,High,10,3,2
1,15,14,0.9333333333333333,62,Negative,130579,72,7,3,Low,7,1,8
1,1,1,1.0,29,Neutral,89746,61,7,2,High,4,2,9
1,13,7,0.5384615384615384,48,Neutral,363925,79,3,1,Low,2,4,8
4,0,0,1.0,6,Neutral,481222,90,5,5,Low,9,6,3
1,15,11,0.7333333333333333,36,Neutral,431283,87,6,2,Medium,1,8,9
1,12,8,0.6666666666666666,37,Positive,412226,80,1,3,High,2,1,1
1,10,1,0.1,47,Positive,258462,73,9,2,High,6,7,5
1,7,0,0.0,59,Positive,113715,95,5,1,Low,4,3,1
1,13,12,0.9230769230769231,53,Positive,366571,94,8,0,Medium,5,6,1
2,8,7,0.875,47,Negative,41748,58,10,2,Medium,4,10,10
2,9,3,0.3333333333333333,22,Positive,159703,84,3,4,Medium,8,5,2
1,11,11,1.0,39,Positive,50471,73,2,0,Medium,3,4,7
2,0,0,1.0,21,Neutral,485014,86,3,3,Low,8,6,6
1,2,1,0.5,41,Positive,439705,63,2,5,Low,4,4,6
5,6,4,0.6666666666666666,12,Negative,308749,84,10,1,Low,6,6,2
1,0,0,1.0,31,Positive,156161,83,4,2,Low,5,4,9
2,5,5,1.0,33,Positive,46730,69,8,0,Medium,2,9,1
1,7,4,0.5714285714285714,58,Positive,76096,97,4,0,High,10,9,1
2,14,13,0.9285714285714286,15,Neutral,464525,97,4,4,Low,1,7,5
1,11,6,0.5454545454545454,53,Positive,320820,62,1,4,Medium,2,10,7
1,14,0,0.0,69,Negative,332628,64,9,3,Medium,9,4,6
5,12,7,0.5833333333333334,2,Neutral,175802,62,7,3,Medium,5,8,7
2,8,8,1.0,12,Neutral,468908,80,3,3,High,6,1,10
6,8,8,1.0,8,Positive,40570,84,10,0,Medium,9,10,10
1,1,0,0.0,68,Negative,425344,71,7,5,Low,2,2,2
1,5,2,0.4,25,Positive,104044,76,4,4,High,5,1,3
1,11,0,0.0,36,Neutral,421742,52,4,0,Medium,5,1,9
1,14,6,0.42857142857142855,34,Neutral,246264,93,2,2,Low,6,10,6
3,6,0,0.0,10,Negative,307094,63,5,1,Low,1,6,9
4,6,6,1.0,12,Positive,348392,84,7,0,Low,6,6,7
5,6,6,1.0,5,Neutral,341965,67,10,3,Low,6,1,5
1,5,3,0.6,22,Neutral,310711,73,5,3,High,6,1,3
3,3,0,0.0,9,Positive,202301,96,6,4,High,9,1,6
6,0,0,1.0,2,Positive,124297,86,6,5,High,10,9,7
1,5,2,0.4,63,Negative,95133,80,4,2,Medium,10,5,6
4,0,0,1.0,3,Neutral,328008,80,2,2,High,2,9,8
1,4,2,0.5,37,Neutral,132236,90,8,2,High,3,3,5
3,4,2,0.5,7,Neutral,467108,55,3,4,Low,6,5,1
2,14,13,0.9285714285714286,12,Negative,460984,51,1,5,High,1,10,10
1,10,4,0.4,41,Negative,327515,98,1,0,Low,8,1,3
3,10,6,0.6,21,Neutral,216785,77,3,4,Low,10,9,10
3,1,0,0.0,24,Negative,417383,66,9,0,Medium,10,5,5
2,11,5,0.45454545454545453,38,Negative,88794,58,10,2,High,4,5,4
4,6,0,0.0,7,Neutral,322932,86,4,0,Medium,9,9,1
1,10,3,0.3,58,Positive,309698,96,6,0,Low,2,10,8
1,14,5,0.35714285714285715,58,Negative,461345,87,7,4,Medium,8,4,10
1,8,4,0.5,35,Neutral,252744,56,3,2,Low,5,5,4
1,3,1,0.3333333333333333,55,Neutral,220787,91,8,1,Medium,3,4,6
5,3,1,0.3333333333333333,5,Neutral,244749,73,7,1,Low,10,6,4
6,0,0,1.0,1,Positive,307063,99,10,5,High,7,4,1
1,2,2,1.0,65,Negative,454300,89,7,5,High,5,7,10
2,14,5,0.35714285714285715,33,Neutral,445909,71,10,3,Low,4,3,10
1,7,4,0.5714285714285714,69,Negative,215034,87,8,3,Low,3,7,9
1,15,3,0.2,68,Negative,65165,81,10,3,High,3,3,4
1,13,4,0.3076923076923077,65,Positive,109062,51,3,1,High,6,2,1
2,5,3,0.6,15,Negative,37369,73,6,3,Low,7,1,1
1,0,0,1.0,50,Neutral,71600,79,3,4,High,4,4,6
1,15,9,0.6,54,Neutral,237619,87,4,3,High,3,8,10
2,8,5,0.625,22,Neutral,320528,72,6,0,High,2,6,6
1,7,4,0.5714285714285714,43,Positive,231791,54,2,3,Low,10,2,8
3,12,4,0.3333333333333333,18,Neutral,300083,82,4,3,High,7,10,3
1,0,0,1.0,28,Negative,16954,66,3,4,High,1,7,2
1,1,1,1.0,45,Neutral,271004,96,6,0,Medium,8,4,10
1,5,5,1.0,60,Positive,75314,79,2,4,Medium,1,1,7
1,10,5,0.5,33,Positive,458690,93,7,4,Medium,2,3,10
4,0,0,1.0,5,Positive,36114,96,6,2,Medium,4,7,3
1,7,1,0.14285714285714285,39,Neutral,410716,68,6,0,High,7,9,3
2,2,2,1.0,26,Negative,234444,90,6,4,Low,1,5,1
2,10,10,1.0,37,Neutral,123151,79,7,4,Low,5,9,4
1,15,9,0.6,58,Neutral,165265,56,8,2,High,3,8,5
1,5,0,0.0,71,Neutral,199257,97,2,3,Low,1,10,10
1,1,1,1.0,65,Positive,157143,76,10,3,Low,2,6,4
2,13,3,0.23076923076923078,16,Neutral,281725,63,2,3,Medium,6,9,7
1,1,0,0.0,60,Negative,318774,66,8,1,Medium,4,5,6
1,5,1,0.2,30,Negative,24304,55,3,5,Low,1,10,3
1,11,4,0.36363636363636365,35,Negative,149860,87,3,5,Medium,8,2,10
4,15,3,0.2,1,Neutral,414061,59,1,3,Medium,9,8,3
2,8,3,0.375,40,Negative,226860,88,10,0,High,2,10,5
1,1,0,0.0,31,Negative,209420,83,3,5,High,7,4,10
1,11,7,0.6363636363636364,65,Negative,247761,99,2,1,Low,8,9,4
1,11,4,0.36363636363636365,36,Positive,291660,92,4,1,Low,3,7,8
2,4,4,1.0,30,Neutral,29289,60,6,4,Low,4,7,7
1,4,4,1.0,72,Negative,280275,60,4,2,High,5,8,8
1,2,1,0.5,51,Neutral,105794,93,2,1,Low,5,8,3
1,11,0,0.0,58,Neutral,162191,52,10,1,High,1,10,10
1,2,0,0.0,56,Negative,110673,86,10,1,High,8,4,5
1,5,2,0.4,41,Neutral,197232,72,4,4,Medium,4,4,1
4,9,8,0.8888888888888888,9,Positive,175948,73,5,3,Low,5,7,5
1,15,15,1.0,27,Negative,269230,60,2,4,High,3,6,10
1,13,10,0.7692307692307693,54,Negative,149528,51,6,5,Medium,2,1,5
1,13,10,0.7692307692307693,66,Neutral,248188,80,1,0,Medium,10,7,10
2,4,1,0.25,23,Negative,100787,52,6,0,Medium,6,2,10
1,9,0,0.0,26,Positive,224106,94,2,1,Medium,5,1,10
2,3,0,0.0,18,Neutral,446484,81,3,2,Low,7,8,4
1,9,6,0.6666666666666666,44,Neutral,90810,93,4,3,Low,1,10,2
3,10,1,0.1,11,Positive,464619,91,5,3,Low,7,6,7
1,0,0,1.0,48,Neutral,322214,98,9,0,High,9,5,4
1,3,2,0.6666666666666666,69,Positive,79465,52,9,2,High,2,10,8
1,5,0,0.0,35,Positive,381668,73,2,3,Medium,6,4,6
4,1,1,1.0,22,Negative,138836,68,10,1,Low,4,7,5
1,10,6,0.6,44,Negative,350941,81,7,3,Low,6,4,3
1,2,1,0.5,39,Negative,103206,55,3,5,Medium,8,4,10
1,0,0,1.0,70,Positive,454526,99,2,2,Medium,7,9,3
1,0,0,1.0,63,Positive,182786,90,1,0,High,2,10,1
1,4,2,0.5,57,Neutral,470288,81,1,4,Low,7,8,6
1,15,13,0.8666666666666667,44,Negative,100433,61,4,2,High,1,5,8
1,1,1,1.0,20,Neutral,393083,75,6,3,High,1,1,5
3,5,3,0.6,22,Negative,328742,51,10,0,Medium,2,6,9
4,0,0,1.0,11,Neutral,298136,67,4,0,Medium,8,7,10
1,8,3,0.375,61,Negative,234840,56,6,2,Medium,10,4,3
1,1,0,0.0,18,Negative,41034,62,2,3,High,4,2,4
1,3,0,0.0,30,Positive,386053,59,2,4,High,5,7,2
1,9,4,0.4444444444444444,56,Negative,87122,93,9,1,High,1,2,4
1,15,1,0.06666666666666667,24,Positive,251057,85,1,0,Low,5,6,6
1,7,5,0.7142857142857143,51,Negative,475145,64,1,4,Low,9,10,10
1,1,0,0.0,69,Positive,243131,77,7,1,Low,1,8,4
1,13,7,0.5384615384615384,71,Neutral,470208,76,10,1,Low,10,6,10
3,7,2,0.2857142857142857,33,Neutral,277055,84,9,5,Low,3,10,6
1,5,1,0.2,47,Positive,473760,91,5,0,Medium,2,8,5
1,15,2,0.13333333333333333,40,Negative,277475,78,2,3,Low,2,6,9
1,9,1,0.1111111111111111,42,Positive,212175,95,6,3,High,3,4,7
1,13,5,0.38461538461538464,70,Positive,107876,85,7,5,Low,8,1,2
3,8,3,0.375,5,Neutral,134547,77,7,2,High,2,2,9
1,1,0,0.0,61,Neutral,107991,60,1,4,Low,1,5,4
2,14,11,0.7857142857142857,12,Positive,75087,56,3,0,Medium,9,1,7
1,11,6,0.5454545454545454,63,Neutral,396994,53,2,1,Low,1,10,8
1,15,7,0.4666666666666667,70,Positive,165845,98,9,1,High,7,1,4
1,2,2,1.0,37,Neutral,396421,96,8,2,High,7,4,4
1,2,2,1.0,39,Neutral,170507,54,7,3,High,7,3,3
4,6,2,0.3333333333333333,18,Negative,389527,63,9,3,High,9,6,4
1,14,8,0.5714285714285714,25,Negative,371525,75,3,0,High,6,1,9
1,1,0,0.0,52,Positive,376071,66,9,1,Low,9,2,3
1,14,12,0.8571428571428571,31,Negative,25231,87,4,5,High,3,1,8
1,0,0,1.0,59,Neutral,85649,75,1,5,High,5,10,4
3,6,4,0.6666666666666666,23,Positive,490263,91,6,1,High,8,9,10
2,15,4,0.26666666666666666,32,Neutral,65572,74,5,1,Medium,2,10,6
1,2,0,0.0,52,Positive,397641,85,7,4,Medium,5,7,8
3,14,12,0.8571428571428571,23,Neutral,266572,85,10,3,Medium,1,4,2
5,2,1,0.5,1,Negative,150250,53,8,3,Low,7,5,7
1,2,0,0.0,22,Positive,58623,78,1,4,Medium,5,2,10
3,6,5,0.8333333333333334,13,Positive,440838,92,9,2,Low,2,1,6
3,8,7,0.875,28,Negative,215649,99,10,2,Low,5,3,10
1,1,0,0.0,44,Positive,394168,76,7,1,Medium,5,1,7
1,0,0,1.0,31,Negative,267973,79,3,3,Medium,8,6,1
4,7,6,0.8571428571428571,14,Neutral,308238,63,4,5,Low,10,8,1
1,2,2,1.0,60,Positive,50537,60,7,4,High,9,9,7
1,1,0,0.0,63,Positive,109243,86,9,5,Low,10,5,3
1,9,2,0.2222222222222222,67,Negative,64411,97,3,3,Medium,5,7,4
2,14,8,0.5714285714285714,32,Positive,379877,96,5,4,Medium,6,9,6
1,6,1,0.16666666666666666,52,Neutral,40677,50,2,4,High,7,2,10
1,2,0,0.0,11,Neutral,47468,84,1,0,Low,3,1,3
1,3,3,1.0,57,Positive,10254,68,6,5,Low,6,4,8
1,0,0,1.0,57,Neutral,266393,82,7,2,High,5,9,4
4,2,2,1.0,11,Neutral,396569,81,8,5,Low,5,4,1
4,15,13,0.8666666666666667,9,Neutral,334355,73,6,4,Low,4,7,4
1,15,0,0.0,35,Negative,476955,55,5,2,Medium,10,7,5
2,5,3,0.6,31,Neutral,102212,90,6,3,Low,4,7,2
2,1,1,1.0,18,Negative,404728,58,2,5,Medium,8,8,7
5,6,6,1.0,13,Negative,251007,60,10,5,Medium,8,8,4
2,13,11,0.8461538461538461,8,Neutral,58199,91,4,3,Low,3,1,5
3,7,2,0.2857142857142857,21,Neutral,429393,76,8,5,High,1,10,10
4,1,1,1.0,16,Neutral,416020,77,8,1,Low,3,8,8
1,15,8,0.5333333333333333,39,Neutral,466736,92,2,1,Low,4,8,6
2,4,1,0.25,19,Neutral,191231,61,4,5,High,9,5,5
5,4,3,0.75,17,Neutral,306925,57,9,5,Low,8,10,6
2,0,0,1.0,25,Positive,388501,97,8,0,Medium,4,1,5
3,15,4,0.26666666666666666,18,Negative,458842,63,6,4,Medium,7,4,8
1,15,0,0.0,42,Negative,48147,58,3,5,Medium,7,6,3
3,13,4,0.3076923076923077,15,Negative,286123,63,8,3,Medium,6,4,6
1,2,2,1.0,40,Negative,278259,79,4,2,High,1,7,8
1,3,1,0.3333333333333333,37,Neutral,388832,57,2,0,Low,10,3,2
1,8,4,0.5,53,Negative,457024,71,10,2,High,5,5,10
1,12,3,0.25,44,Negative,360160,61,1,5,Medium,4,10,2
1,10,10,1.0,49,Positive,105127,53,5,2,Medium,1,1,4
1,8,7,0.875,54,Neutral,348321,95,3,1,High,1,3,2
1,2,2,1.0,54,Positive,400282,59,1,3,Low,2,7,5
1,12,2,0.16666666666666666,52,Positive,45412,65,8,4,High,10,4,8
1,0,0,1.0,28,Neutral,269710,65,8,5,Low,4,1,9
1,9,3,0.3333333333333333,70,Neutral,100801,76,9,0,Low,1,1,3
1,2,2,1.0,21,Positive,231991,76,2,5,Medium,8,2,10
1,14,3,0.21428571428571427,71,Neutral,211116,81,8,5,Low,1,9,4
2,12,9,0.75,25,Negative,191736,68,4,5,High,5,7,2
1,12,0,0.0,36,Neutral,81541,70,3,4,High,1,4,10
1,11,3,0.2727272727272727,26,Positive,28139,65,5,4,Low,4,1,7
1,11,7,0.6363636363636364,57,Neutral,287022,84,9,5,High,2,3,2
1,4,2,0.5,51,Neutral,74984,78,9,3,High,8,7,6
1,7,3,0.42857142857142855,60,Neutral,447601,89,3,0,Medium,7,10,4
2,15,4,0.26666666666666666,33,Negative,41677,57,8,4,High,10,4,2
1,12,6,0.5,65,Positive,495250,94,2,4,Low,1,4,4
4,13,1,0.07692307692307693,15,Negative,202231,88,5,5,Low,9,10,7
1,12,11,0.9166666666666666,37,Neutral,367522,100,4,0,Medium,4,1,2
4,14,8,0.5714285714285714,7,Negative,300342,85,4,3,High,10,7,7
1,9,8,0.8888888888888888,20,Neutral,336928,61,5,5,Low,2,1,2
1,4,0,0.0,41,Neutral,12458,93,2,3,High,6,4,8
1,10,10,1.0,27,Negative,273520,88,1,1,High,10,7,9
1,3,0,0.0,68,Neutral,190168,53,8,4,Medium,10,6,2
4,2,1,0.5,10,Negative,476421,87,9,1,Medium,9,2,3
2,10,7,0.7,20,Positive,160955,66,2,3,High,10,7,6
1,7,6,0.8571428571428571,54,Negative,420387,63,7,4,Low,8,9,2
2,11,4,0.36363636363636365,1,Neutral,70057,96,1,4,High,1,1,10
1,11,7,0.6363636363636364,41,Negative,417548,57,3,2,Low,2,5,8
5,4,2,0.5,3,Neutral,205844,99,6,2,High,10,7,2
1,11,8,0.7272727272727273,69,Neutral,194237,95,8,1,High,8,8,6
1,2,1,0.5,66,Positive,173725,70,8,3,Low,5,4,7
1,15,8,0.5333333333333333,58,Positive,208721,74,9,2,High,6,6,3
1,11,1,0.09090909090909091,38,Positive,363042,69,9,4,High,1,5,8
1,3,1,0.3333333333333333,53,Positive,79735,93,9,0,Low,4,8,4
1,8,1,0.125,50,Neutral,155778,79,6,2,Medium,4,8,5
1,9,7,0.7777777777777778,58,Neutral,137600,67,5,1,Medium,3,7,3
2,8,1,0.125,14,Negative,332136,70,6,1,High,2,3,7
1,5,3,0.6,66,Negative,275919,58,4,1,Medium,6,3,9
5,8,3,0.375,1,Positive,399578,53,7,1,Medium,1,10,5
2,13,7,0.5384615384615384,23,Negative,131676,100,5,1,Medium,7,3,7
1,15,10,0.6666666666666666,48,Negative,258870,100,5,2,Medium,3,3,9
1,1,1,1.0,71,Negative,121341,51,7,0,High,6,9,7
1,1,1,1.0,50,Positive,153902,92,4,3,Medium,8,6,9
1,9,0,0.0,62,Neutral,114959,54,10,5,Medium,5,3,1
1,1,1,1.0,42,Positive,18235,65,3,4,High,6,5,9
1,3,3,1.0,42,Negative,95944,55,10,3,Medium,9,2,10
1,13,8,0.6153846153846154,46,Negative,94822,79,8,0,High,1,8,3
2,15,1,0.06666666666666667,16,Negative,82539,58,5,5,Low,2,6,10
2,5,1,0.2,23,Negative,347973,81,7,2,High,7,2,1
1,5,5,1.0,72,Negative,274973,92,3,0,High,10,4,6
2,14,14,1.0,16,Negative,306571,77,4,0,High,1,6,7
1,11,11,1.0,60,Negative,383960,99,4,1,Medium,2,6,5
4,3,0,0.0,11,Negative,372928,69,5,2,Medium,10,8,4
3,8,0,0.0,22,Negative,482142,80,7,4,High,3,8,3
3,10,3,0.3,22,Negative,228304,68,10,0,Medium,3,4,4
2,11,8,0.7272727272727273,23,Positive,259250,96,1,1,Medium,7,9,8
1,6,2,0.3333333333333333,53,Neutral,194945,71,4,5,Low,8,5,7
3,2,1,0.5,25,Positive,245995,61,8,4,High,9,4,4
1,5,5,1.0,54,Neutral,395993,71,6,0,High,7,10,4
3,0,0,1.0,20,Neutral,148911,56,5,5,Low,3,8,8
1,9,1,0.1111111111111111,61,Neutral,476316,95,10,1,High,5,9,5
5,0,0,1.0,4,Neutral,281347,83,6,4,Low,8,7,4
1,5,0,0.0,39,Neutral,279035,50,5,0,Medium,5,8,10
1,8,0,0.0,72,Positive,22567,87,5,0,High,10,7,5
1,8,1,0.125,47,Negative,399156,64,8,4,Low,10,1,7
1,12,10,0.8333333333333334,32,Negative,233493,55,2,3,Medium,9,3,4
3,4,3,0.75,14,Negative,69955,74,1,5,Low,5,10,6
3,7,6,0.8571428571428571,2,Neutral,114750,86,1,0,Medium,3,8,1
2,1,0,0.0,35,Positive,94213,60,9,1,Medium,6,7,2
1,8,0,0.0,49,Negative,329101,67,9,3,Low,3,6,6
2,2,0,0.0,29,Neutral,156180,100,5,5,High,10,5,3
4,7,3,0.42857142857142855,14,Neutral,489782,95,9,1,High,5,5,4
1,12,12,1.0,55,Negative,108696,57,8,5,High,2,6,5
1,14,14,1.0,68,Negative,84557,96,5,3,Low,4,4,10
2,3,1,0.3333333333333333,7,Neutral,328018,61,1,5,Medium,5,5,9
1,0,0,1.0,44,Neutral,301082,73,2,5,High,8,8,1
1,1,1,1.0,32,Positive,323246,96,8,5,High,1,1,4
1,0,0,1.0,72,Negative,176675,88,4,4,Low,2,3,5
1,8,0,0.0,47,Negative,167022,73,3,0,Medium,5,3,3
1,4,2,0.5,66,Negative,212934,83,3,0,Medium,6,2,1
2,11,1,0.09090909090909091,19,Positive,387306,84,5,1,High,5,5,6
1,2,0,0.0,54,Negative,194856,70,4,2,Medium,4,3,9
1,2,1,0.5,44,Neutral,123380,77,4,2,High,1,1,1
4,8,6,0.75,6,Neutral,300555,70,4,3,Medium,6,9,2
4,10,5,0.5,28,Negative,485392,91,9,2,High,9,10,8
1,14,14,1.0,65,Negative,454171,51,8,4,Medium,1,6,2
6,11,11,1.0,4,Negative,372609,57,8,3,Low,8,9,2
1,14,12,0.8571428571428571,56,Positive,244289,100,3,2,Medium,6,9,1
1,6,6,1.0,47,Neutral,493568,56,4,2,Low,8,3,2
2,15,13,0.8666666666666667,11,Positive,333456,82,5,5,Low,1,2,3
2,12,12,1.0,6,Negative,115949,67,1,0,High,3,2,6
2,0,0,1.0,27,Negative,281235,66,5,2,High,5,6,6
1,2,1,0.5,52,Negative,191008,84,8,3,Low,7,5,10
1,0,0,1.0,49,Neutral,440476,85,3,1,Low,10,10,10
1,12,9,0.75,53,Negative,231538,94,5,1,High,7,5,1
1,11,11,1.0,33,Neutral,341699,67,6,0,Low,1,4,6
4,12,10,0.8333333333333334,1,Neutral,498072,64,4,3,Low,6,4,9
1,3,1,0.3333333333333333,38,Positive,467943,90,7,2,High,7,2,8
1,10,2,0.2,53,Neutral,151195,51,3,1,Low,9,4,3
1,15,15,1.0,60,Negative,130833,88,6,4,High,4,4,6
1,12,0,0.0,53,Neutral,316762,58,2,1,High,5,6,3
2,5,0,0.0,32,Negative,191135,63,7,4,Medium,8,5,10
3,15,8,0.5333333333333333,13,Negative,88043,73,8,3,High,3,2,3
2,5,0,0.0,31,Negative,330459,61,10,2,Low,4,2,7
5,10,2,0.2,19,Positive,375119,96,10,2,Medium,9,9,6
1,11,6,0.5454545454545454,63,Positive,404298,79,9,5,Low,1,8,6
1,9,5,0.5555555555555556,52,Negative,224773,84,7,3,Medium,8,5,2
1,6,0,0.0,65,Positive,151036,78,10,2,Medium,1,6,9
1,2,1,0.5,51,Neutral,118982,63,8,4,Medium,5,3,9
5,1,0,0.0,5,Neutral,210303,99,8,3,Medium,4,10,7
3,14,13,0.9285714285714286,34,Negative,152731,58,8,0,Low,10,7,9
1,12,4,0.3333333333333333,43,Neutral,272786,83,5,5,Low,6,7,2
1,2,0,0.0,45,Positive,227561,52,1,5,High,2,2,3
1,1,0,0.0,38,Neutral,429843,92,10,0,High,6,1,1
1,10,4,0.4,70,Positive,279589,82,1,5,Low,8,8,6
4,12,9,0.75,1,Negative,309343,86,6,0,Low,4,5,8
1,9,7,0.7777777777777778,31,Neutral,13916,60,4,0,Medium,4,2,6
2,12,4,0.3333333333333333,44,Neutral,55070,51,9,2,High,7,8,8
1,9,6,0.6666666666666666,71,Negative,47379,94,7,3,Medium,4,3,9
1,3,0,0.0,46,Negative,207799,86,6,3,High,7,7,3
4,0,0,1.0,14,Positive,395334,69,5,4,Low,5,9,7
1,7,4,0.5714285714285714,56,Positive,203527,92,7,1,Low,1,1,9
2,8,4,0.5,45,Positive,249427,92,10,5,Low,7,7,9
4,3,1,0.3333333333333333,13,Negative,222029,66,10,5,High,6,1,10
3,2,0,0.0,19,Neutral,136183,80,8,4,High,5,4,7
1,15,2,0.13333333333333333,61,Negative,207881,98,8,5,Medium,9,10,10
5,15,1,0.06666666666666667,20,Negative,471905,77,10,2,Medium,9,9,9
3,7,2,0.2857142857142857,4,Neutral,437420,72,3,5,Low,4,5,5
1,0,0,1.0,48,Positive,51696,71,6,0,Medium,1,7,10
1,13,4,0.3076923076923077,49,Positive,302686,64,3,4,Medium,2,7,6
1,11,7,0.6363636363636364,48,Neutral,405698,55,10,5,Medium,1,8,9
1,11,3,0.2727272727272727,35,Neutral,160204,76,10,3,Low,1,1,2
1,4,4,1.0,17,Neutral,205244,92,2,1,Low,8,2,6
1,3,1,0.3333333333333333,69,Positive,270901,90,5,3,Low,2,2,7
1,8,5,0.625,39,Positive,299555,67,6,1,Low,1,8,3
1,15,12,0.8,30,Neutral,301236,95,5,1,High,10,1,10
1,6,1,0.16666666666666666,24,Negative,429276,67,2,3,Medium,1,5,10
1,12,0,0.0,60,Neutral,46333,88,6,2,High,4,1,8
2,3,2,0.6666666666666666,24,Neutral,153398,58,8,5,Low,1,3,1
4,0,0,1.0,7,Negative,20955,67,8,3,Low,3,3,8
1,4,0,0.0,39,Negative,452421,76,3,3,Medium,6,5,2
4,0,0,1.0,11,Negative,299146,60,8,5,High,5,4,4
1,4,0,0.0,60,Neutral,178854,68,9,5,Medium,8,6,10
2,9,5,0.5555555555555556,34,Neutral,482899,66,8,0,Low,9,4,9
1,10,3,0.3,28,Positive,115568,69,2,1,Medium,8,5,4
4,7,5,0.7142857142857143,4,Positive,272331,83,6,5,High,1,4,6
1,5,1,0.2,50,Positive,436428,82,2,2,Low,9,1,9
1,4,4,1.0,65,Positive,367270,91,2,1,High,5,3,10
2,8,1,0.125,46,Positive,448204,87,9,3,High,7,9,7
4,7,7,1.0,19,Positive,183728,78,9,0,Medium,1,7,4
1,4,4,1.0,39,Neutral,441564,73,5,5,Medium,2,7,6
1,10,2,0.2,41,Negative,56826,69,10,1,High,1,6,2
4,9,2,0.2222222222222222,17,Positive,162955,76,7,4,Medium,9,10,10
5,1,1,1.0,4,Positive,223365,60,9,0,Low,8,4,4
1,11,2,0.18181818181818182,67,Positive,179388,78,10,2,High,6,1,2
2,10,2,0.2,30,Neutral,20715,66,6,1,Low,3,10,2
4,2,2,1.0,21,Negative,177607,83,10,2,Low,7,3,7
1,12,6,0.5,41,Negative,433995,74,1,1,Low,5,4,6
1,11,7,0.6363636363636364,68,Neutral,456639,53,6,0,Low,10,1,5
1,13,1,0.07692307692307693,68,Neutral,207695,96,8,5,Low,5,7,7
1,9,4,0.4444444444444444,50,Neutral,301362,50,7,0,High,7,4,8
2,10,4,0.4,33,Neutral,32111,50,7,5,High,10,7,5
1,0,0,1.0,40,Positive,373437,55,5,0,High,1,5,10
2,14,12,0.8571428571428571,13,Negative,107347,63,1,4,High,1,9,5
1,6,2,0.3333333333333333,56,Neutral,105946,58,2,5,Medium,2,9,2
1,14,3,0.21428571428571427,43,Negative,467311,64,8,3,Medium,4,5,9
1,5,5,1.0,71,Positive,499762,54,9,4,High,8,9,8
2,6,4,0.6666666666666666,24,Negative,408157,97,2,4,Medium,2,10,6
3,2,1,0.5,14,Negative,89891,57,5,1,Medium,6,4,3
1,5,1,0.2,69,Positive,238310,93,2,4,Low,1,8,1
2,9,8,0.8888888888888888,12,Neutral,265487,83,4,0,High,7,1,10
1,2,0,0.0,47,Negative,338842,52,1,2,Low,2,8,2
1,14,7,0.5,58,Negative,240771,90,3,5,Medium,2,5,8
2,15,11,0.7333333333333333,29,Positive,392846,53,7,0,High,1,5,10
2,3,1,0.3333333333333333,41,Negative,112512,63,10,5,Low,6,7,10
2,9,9,1.0,5,Negative,281517,85,1,3,High,6,3,2
1,1,0,0.0,45,Negative,28428,60,5,2,Medium,4,5,9
1,0,0,1.0,59,Neutral,13502,98,8,4,Medium,6,5,1
1,3,2,0.6666666666666666,58,Positive,158349,59,10,2,Low,6,5,10
4,7,4,0.5714285714285714,9,Negative,433187,94,6,2,Low,2,8,7
4,5,3,0.6,7,Neutral,127650,100,6,5,High,4,9,4
5,3,3,1.0,9,Negative,57310,67,9,0,High,5,9,5
1,6,3,0.5,63,Neutral,100389,88,6,3,Low,9,8,6
5,13,9,0.6923076923076923,4,Neutral,218429,86,7,2,High,6,8,1
1,12,7,0.5833333333333334,70,Negative,427540,95,8,4,High,1,8,6
1,8,2,0.25,62,Negative,411638,57,6,4,High,2,4,1
2,1,1,1.0,42,Negative,245483,52,6,2,Low,9,9,9
1,12,2,0.16666666666666666,65,Negative,472590,98,9,3,Low,8,5,2
1,6,5,0.8333333333333334,40,Neutral,398492,82,5,5,Medium,1,8,2
2,0,0,1.0,4,Positive,294867,62,3,0,High,1,2,7
1,11,8,0.7272727272727273,61,Positive,30271,71,6,5,Low,6,7,8
3,6,4,0.6666666666666666,42,Neutral,174440,81,10,1,High,8,10,2
2,12,2,0.16666666666666666,30,Neutral,95928,66,3,0,Low,8,9,8
1,8,2,0.25,32,Positive,167650,55,1,3,Low,2,8,3
1,12,11,0.9166666666666666,52,Positive,66451,84,9,3,Low,8,8,9
1,5,0,0.0,66,Neutral,40518,80,2,3,High,7,6,5
1,8,4,0.5,35,Negative,45635,54,5,5,High,8,7,7
4,11,3,0.2727272727272727,30,Neutral,14979,57,10,3,Medium,5,10,3
2,6,4,0.6666666666666666,25,Neutral,327111,87,5,1,High,3,8,7
1,6,4,0.6666666666666666,47,Negative,227775,74,4,0,High,3,3,7
1,10,8,0.8,47,Neutral,295169,85,7,2,High,5,5,3
1,10,7,0.7,63,Positive,269101,100,8,4,High,4,5,7
1,9,6,0.6666666666666666,50,Positive,158495,81,6,1,Low,7,4,1
1,2,0,0.0,36,Positive,156665,98,8,0,Low,5,4,1
4,0,0,1.0,22,Positive,40648,89,9,0,Low,4,7,7
1,13,2,0.15384615384615385,37,Neutral,492382,64,1,0,Medium,3,6,5
2,9,6,0.6666666666666666,37,Negative,103741,72,8,2,High,5,8,1
1,3,0,0.0,55,Neutral,385170,68,10,3,Low,10,2,6
1,15,15,1.0,44,Negative,110784,99,3,3,Low,8,8,1
1,2,1,0.5,55,Positive,453081,100,8,5,Low,5,3,6
3,15,7,0.4666666666666667,2,Negative,476715,97,1,2,High,10,4,8
4,5,5,1.0,16,Neutral,370338,92,6,4,Low,7,10,2
4,7,2,0.2857142857142857,24,Neutral,236011,60,10,5,Medium,2,10,3
3,1,1,1.0,5,Negative,41412,70,2,4,Low,4,4,9
4,11,5,0.45454545454545453,15,Negative,266530,50,9,2,Medium,6,5,5
1,6,3,0.5,14,Negative,50849,55,1,3,High,1,3,10
1,2,1,0.5,47,Positive,309836,70,4,2,High,2,4,2
1,9,5,0.5555555555555556,32,Negative,178191,73,7,4,Low,2,2,5
1,0,0,1.0,22,Negative,194099,75,2,1,High,7,4,9
4,14,1,0.07142857142857142,25,Positive,208018,83,7,5,High,9,10,2
1,6,3,0.5,37,Positive,98545,91,7,3,Low,7,3,10
2,10,6,0.6,37,Negative,445686,93,6,4,Medium,10,8,10
1,15,15,1.0,30,Positive,154136,98,2,2,High,4,1,8
2,0,0,1.0,31,Positive,80851,87,7,4,High,2,9,1
3,10,2,0.2,24,Positive,322244,98,8,4,High,6,9,6
5,2,2,1.0,3,Negative,446582,57,6,3,Low,6,7,6
2,2,2,1.0,30,Positive,287148,61,5,2,High,1,9,6
1,0,0,1.0,71,Positive,399582,84,6,4,Low,6,10,5
1,2,1,0.5,45,Positive,433595,63,8,4,Medium,1,7,4
5,12,4,0.3333333333333333,2,Negative,285770,83,9,4,Low,6,6,5
4,5,5,1.0,14,Neutral,203893,79,7,1,High,2,9,9
1,2,2,1.0,52,Neutral,128829,81,2,2,Medium,5,5,6
1,6,4,0.6666666666666666,46,Positive,230116,76,6,0,Low,10,10,8
1,8,8,1.0,48,Neutral,229798,81,4,4,High,3,4,7
1,13,8,0.6153846153846154,58,Positive,265337,54,7,0,Low,5,4,3
4,6,6,1.0,5,Negative,49805,63,8,2,Medium,2,5,7
1,2,0,0.0,54,Neutral,476132,79,10,1,Low,7,7,8
1,15,6,0.4,46,Negative,289178,87,7,4,Low,1,6,8
4,3,1,0.3333333333333333,15,Negative,457604,56,5,5,Low,7,10,5
1,3,3,1.0,50,Neutral,51748,75,8,5,High,5,1,6
1,6,6,1.0,53,Neutral,333188,80,5,2,Low,6,8,9
1,8,6,0.75,66,Positive,444387,56,10,0,Low,7,8,5
2,3,0,0.0,10,Positive,464640,77,2,3,Low,4,5,5
4,10,1,0.1,10,Positive,308467,62,5,4,Low,10,6,9
2,8,6,0.75,3,Negative,103389,100,1,0,Medium,4,3,3
3,6,3,0.5,12,Positive,258909,78,7,4,Medium,1,5,7
2,13,5,0.38461538461538464,7,Negative,23693,92,1,3,High,6,1,7
3,3,3,1.0,8,Negative,273814,84,3,3,Low,7,6,3
3,12,0,0.0,22,Positive,299402,50,10,1,High,7,1,3
1,4,4,1.0,54,Positive,278500,51,3,2,Medium,5,9,4
1,8,0,0.0,21,Positive,273674,95,4,4,Medium,9,2,2
4,12,2,0.16666666666666666,8,Neutral,392520,71,6,4,High,4,6,10
1,8,4,0.5,65,Positive,70452,94,10,3,High,6,4,3
1,15,4,0.26666666666666666,31,Neutral,471141,88,2,3,Medium,10,6,1
3,10,2,0.2,36,Negative,94165,64,10,5,Low,9,8,6
3,14,8,0.5714285714285714,27,Positive,152571,54,10,0,Low,5,6,3
1,4,4,1.0,52,Neutral,387219,58,10,4,Medium,1,2,9
1,12,11,0.9166666666666666,68,Positive,460282,92,7,5,High,9,3,7
1,11,8,0.7272727272727273,69,Neutral,442171,72,3,1,High,4,4,1
1,13,6,0.46153846153846156,68,Neutral,286341,61,7,4,High,5,9,2
4,1,0,0.0,28,Positive,407476,74,10,1,Low,9,7,6
4,11,10,0.9090909090909091,7,Positive,365640,67,6,1,Medium,3,6,3
1,15,8,0.5333333333333333,49,Negative,311077,50,3,5,Medium,7,4,7
1,3,2,0.6666666666666666,30,Negative,336578,74,4,4,High,2,8,10
1,4,4,1.0,61,Positive,350471,63,5,4,Medium,7,7,8
1,13,13,1.0,58,Positive,202679,69,5,5,High,4,10,5
1,6,0,0.0,57,Positive,263065,65,9,0,High,6,4,7
1,15,13,0.8666666666666667,55,Neutral,318286,53,10,1,High,7,10,8
2,0,0,1.0,13,Negative,24637,52,3,3,Medium,4,6,6
1,15,7,0.4666666666666667,22,Positive,67807,74,4,1,Low,9,1,8
1,9,8,0.8888888888888888,35,Neutral,104245,83,7,4,High,4,2,2
1,0,0,1.0,44,Negative,385691,76,4,1,Low,6,9,7
1,10,1,0.1,61,Negative,16436,91,2,2,High,4,4,4
1,11,7,0.6363636363636364,34,Positive,132039,93,2,2,Medium,6,2,3
2,1,1,1.0,2,Neutral,65696,60,3,5,Low,2,1,10
1,8,2,0.25,65,Neutral,327351,82,2,5,Low,6,2,1
2,4,0,0.0,15,Neutral,216559,95,4,1,Low,6,5,3
2,5,5,1.0,14,Positive,184444,54,3,4,Low,3,2,10
1,11,0,0.0,46,Negative,297985,86,6,0,Medium,6,6,9
5,15,13,0.8666666666666667,1,Positive,60019,92,4,4,Low,5,10,2
4,2,0,0.0,2,Neutral,284397,83,1,0,High,7,10,6
1,11,3,0.2727272727272727,59,Positive,162071,61,4,5,Low,1,4,7
5,3,0,0.0,3,Negative,314105,85,9,3,Low,2,6,3
4,1,1,1.0,16,Negative,335758,81,10,0,Medium,1,7,9
1,15,10,0.6666666666666666,52,Neutral,114255,99,3,4,Medium,2,3,10
3,4,4,1.0,15,Positive,82054,97,4,4,High,8,6,5
1,1,1,1.0,66,Neutral,140579,64,9,0,Medium,6,7,10
1,8,2,0.25,38,Positive,365710,57,1,3,Low,9,4,4
1,6,3,0.5,44,Negative,187926,86,2,0,High,7,10,5
1,6,6,1.0,70,Neutral,213961,90,9,0,High,1,6,1
1,12,7,0.5833333333333334,69,Negative,243216,92,2,1,Low,3,1,8
1,15,8,0.5333333333333333,33,Negative,457973,95,2,1,Medium,2,3,10
3,11,5,0.45454545454545453,14,Neutral,242386,93,4,5,High,6,5,6
3,11,3,0.2727272727272727,15,Negative,36861,100,8,3,Low,6,2,9
1,2,2,1.0,50,Negative,333031,74,1,2,High,8,1,4
1,1,0,0.0,47,Neutral,180073,51,7,2,Medium,10,3,2
1,0,0,1.0,46,Positive,287721,98,3,2,High,4,7,7
2,12,8,0.6666666666666666,21,Positive,148801,69,4,4,Low,4,6,2
1,10,5,0.5,71,Negative,48347,91,9,0,High,4,2,6
1,4,1,0.25,53,Neutral,487586,99,9,2,Medium,2,3,9
1,2,0,0.0,45,Neutral,180990,86,7,2,Medium,4,6,8
2,4,2,0.5,28,Neutral,456949,54,9,2,High,4,2,8
1,11,11,1.0,54,Neutral,17278,53,6,2,Medium,2,9,5
2,12,9,0.75,30,Positive,338552,77,6,4,High,6,7,9
1,5,0,0.0,61,Neutral,461098,55,3,5,Medium,4,7,1
5,2,2,1.0,5,Neutral,493332,76,7,3,Low,1,9,10
1,13,13,1.0,44,Negative,47782,100,8,3,Low,6,2,7
5,11,2,0.18181818181818182,15,Neutral,81026,51,10,1,Low,9,8,2
3,12,11,0.9166666666666666,2,Neutral,141308,98,5,1,Medium,3,2,2
1,3,2,0.6666666666666666,72,Negative,264354,94,6,1,Low,3,9,10
2,5,4,0.8,44,Positive,236368,57,8,5,High,8,10,6
1,8,0,0.0,55,Neutral,371521,89,7,1,Medium,1,3,9
1,7,0,0.0,47,Positive,471283,61,1,3,Medium,5,5,8
2,7,6,0.8571428571428571,29,Neutral,365576,87,5,1,Low,10,8,9
3,6,5,0.8333333333333334,10,Negative,178755,98,9,2,Medium,2,1,4
6,10,6,0.6,8,Negative,121276,51,10,3,Medium,8,9,2
1,2,2,1.0,45,Negative,60101,94,7,2,Low,1,6,9
1,4,2,0.5,55,Neutral,100295,70,9,3,Medium,5,8,8
1,10,0,0.0,32,Neutral,356162,91,1,2,High,2,2,3
1,10,9,0.9,63,Positive,452540,80,8,1,Medium,7,10,10
3,5,1,0.2,30,Neutral,315060,99,6,2,Medium,9,10,6
6,13,2,0.15384615384615385,8,Neutral,24232,81,10,1,Low,7,8,6
2,1,0,0.0,26,Positive,311684,61,7,0,High,10,1,7
1,8,1,0.125,33,Neutral,16429,100,4,5,Low,6,7,1
1,4,4,1.0,63,Neutral,202615,96,3,5,Medium,10,5,1
1,7,2,0.2857142857142857,47,Neutral,275044,53,8,1,Low,3,9,8
1,0,0,1.0,45,Positive,198414,87,5,1,Medium,5,8,9
1,4,2,0.5,39,Negative,426465,57,3,2,High,7,5,2
1,1,1,1.0,49,Positive,357720,80,8,5,Low,2,1,1
1,6,6,1.0,51,Neutral,440180,84,1,4,Low,1,1,1
2,5,2,0.4,34,Positive,243556,93,6,4,High,6,10,1
1,3,1,0.3333333333333333,72,Neutral,340260,90,9,3,Medium,10,1,2
1,0,0,1.0,60,Neutral,21300,78,2,2,Low,6,10,10
1,3,3,1.0,45,Negative,85372,68,8,4,Low,1,10,9
1,0,0,1.0,29,Neutral,147081,87,2,2,High,6,2,6
2,0,0,1.0,31,Negative,441987,88,7,2,Medium,7,5,10
3,5,4,0.8,4,Neutral,367431,64,4,5,Low,4,5,8
1,3,2,0.6666666666666666,39,Neutral,105130,85,10,5,Medium,4,1,7
1,10,8,0.8,68,Neutral,167051,56,1,2,Medium,2,6,10
2,2,1,0.5,24,Neutral,24864,55,4,5,Medium,7,9,3
1,13,7,0.5384615384615384,43,Negative,319089,51,3,1,Low,4,1,2
1,7,6,0.8571428571428571,39,Positive,30250,78,2,1,Medium,3,9,2
5,2,1,0.5,1,Neutral,369055,58,5,1,High,3,9,10
1,15,0,0.0,59,Neutral,438183,78,1,3,High,5,9,9
2,14,7,0.5,23,Negative,379101,77,10,2,High,1,1,7
2,13,11,0.8461538461538461,30,Positive,123969,90,8,3,Medium,5,6,10
6,5,2,0.4,3,Negative,216370,68,10,1,Low,8,8,9
1,7,0,0.0,68,Neutral,174100,59,7,0,Medium,8,8,10
1,15,3,0.2,37,Negative,25825,65,7,5,Low,7,5,1
6,10,5,0.5,2,Positive,43159,53,9,5,High,9,8,6
3,13,0,0.0,5,Negative,404753,51,2,4,Medium,1,7,4
1,8,6,0.75,60,Negative,454324,66,4,2,Medium,9,9,6
1,9,0,0.0,64,Negative,344462,99,2,4,High,5,1,2
2,3,0,0.0,36,Positive,79782,93,8,2,Medium,9,5,9
1,2,0,0.0,65,Neutral,208045,96,10,3,Medium,9,8,8
1,0,0,1.0,53,Positive,77971,82,2,1,Low,2,10,3
2,7,3,0.42857142857142855,37,Positive,206370,65,10,3,Medium,10,4,4
3,15,7,0.4666666666666667,8,Positive,16152,70,5,2,High,6,2,9
1,8,4,0.5,45,Positive,23356,66,5,4,Medium,2,9,3
1,4,4,1.0,64,Negative,369020,82,6,5,Low,5,10,3
1,10,6,0.6,25,Negative,377166,52,1,4,Low,9,7,1
1,10,5,0.5,61,Positive,235844,64,7,2,Low,4,9,10
1,12,10,0.8333333333333334,27,Neutral,281222,96,2,4,Medium,7,7,10
2,1,0,0.0,33,Positive,294039,71,6,4,Medium,4,10,4
1,0,0,1.0,37,Negative,467152,71,3,0,High,2,10,5
1,13,2,0.15384615384615385,60,Positive,382550,55,8,3,Medium,10,1,9
1,13,7,0.5384615384615384,25,Positive,269957,60,3,1,Medium,1,9,1
3,0,0,1.0,25,Positive,160867,67,6,0,Medium,7,10,7
1,10,6,0.6,23,Negative,74673,89,3,4,Medium,8,3,6
1,3,3,1.0,63,Negative,82598,52,8,4,Low,9,2,10
1,7,2,0.2857142857142857,69,Neutral,304021,93,5,0,Medium,7,5,9
1,9,8,0.8888888888888888,32,Neutral,164677,64,3,3,Low,3,3,3
1,12,1,0.08333333333333333,51,Negative,388932,71,8,4,High,10,1,6
2,6,1,0.16666666666666666,50,Negative,428572,89,10,0,High,10,9,4
1,4,0,0.0,42,Neutral,140847,83,9,0,Medium,1,2,6
5,14,10,0.7142857142857143,11,Negative,402906,53,10,3,Medium,5,6,9
1,1,1,1.0,39,Neutral,82909,54,7,2,Low,9,2,2
2,6,1,0.16666666666666666,22,Positive,22433,84,8,1,Medium,1,1,6
1,2,2,1.0,66,Neutral,332563,90,10,4,High,5,8,9
1,7,3,0.42857142857142855,28,Neutral,104769,81,3,2,Medium,5,2,3
4,8,1,0.125,20,Negative,59388,95,9,4,Medium,8,6,1
3,5,5,1.0,16,Positive,427956,51,5,2,Medium,1,8,7
4,9,7,0.7777777777777778,6,Neutral,472752,97,4,4,Medium,6,9,4
4,2,0,0.0,18,Neutral,20055,88,10,1,High,1,8,2
1,6,2,0.3333333333333333,43,Neutral,388005,77,1,4,Low,1,7,8
1,12,8,0.6666666666666666,57,Negative,76752,79,2,1,Low,4,3,7
4,1,0,0.0,9,Positive,484336,95,7,4,High,3,7,1
3,4,3,0.75,26,Neutral,301619,75,7,3,Medium,5,9,8
4,2,0,0.0,8,Neutral,362511,94,6,3,Medium,7,9,5
2,3,3,1.0,15,Positive,366199,83,5,2,High,6,2,3
1,7,5,0.7142857142857143,49,Neutral,428278,68,9,0,High,7,7,3
1,2,2,1.0,49,Negative,95931,91,6,0,High,4,9,10
1,7,1,0.14285714285714285,60,Positive,302496,66,2,3,Medium,1,3,2
2,0,0,1.0,36,Positive,131842,55,8,0,Low,8,5,6
2,11,2,0.18181818181818182,23,Neutral,270430,63,9,5,Medium,1,4,2
1,11,4,0.36363636363636365,62,Positive,355358,63,7,4,Medium,8,5,8
1,12,10,0.8333333333333334,61,Positive,482452,89,6,5,Medium,7,3,2
2,10,1,0.1,6,Positive,287138,56,1,4,Low,7,1,8
3,2,2,1.0,24,Neutral,350335,53,8,0,Low,6,6,4
1,12,6,0.5,59,Negative,183463,64,9,4,Low,10,6,6
3,12,2,0.16666666666666666,15,Positive,453867,62,1,3,Medium,9,10,7
1,9,5,0.5555555555555556,63,Positive,123128,92,10,3,Medium,6,4,8
2,8,1,0.125,24,Positive,85051,96,5,4,Medium,4,5,3
3,0,0,1.0,37,Negative,231694,70,8,0,Medium,8,9,9
1,13,0,0.0,36,Positive,42843,58,8,3,High,7,3,4
3,3,2,0.6666666666666666,42,Neutral,263046,53,10,3,Low,9,9,7
1,5,2,0.4,45,Positive,327634,100,2,1,Low,2,10,6
4,15,5,0.3333333333333333,10,Neutral,60306,64,7,0,High,3,5,4
1,9,5,0.5555555555555556,69,Neutral,250636,88,2,3,Medium,10,3,7
1,1,1,1.0,62,Negative,202579,89,8,1,Low,3,7,4
1,1,1,1.0,25,Positive,179204,57,5,3,Low,5,2,4
1,15,13,0.8666666666666667,64,Positive,18627,86,10,5,High,1,4,4
1,8,2,0.25,52,Neutral,492904,55,5,1,High,5,1,10
1,11,2,0.18181818181818182,54,Neutral,372431,91,6,5,High,2,1,7
2,15,9,0.6,11,Positive,471306,79,4,2,Low,2,4,7
3,13,7,0.5384615384615384,8,Positive,208977,91,7,5,Medium,1,3,3
1,12,0,0.0,59,Neutral,151001,84,3,1,High,6,8,2
2,5,5,1.0,36,Neutral,266702,85,9,0,Low,3,9,3
1,14,12,0.8571428571428571,60,Neutral,158730,81,4,3,High,1,4,4
1,15,4,0.26666666666666666,37,Negative,283223,92,3,5,Low,8,5,9
6,1,1,1.0,5,Positive,91131,93,8,0,High,9,8,3
1,6,1,0.16666666666666666,40,Positive,454641,59,9,4,Medium,1,8,4
1,8,0,0.0,57,Neutral,382640,62,5,3,Medium,3,2,4
1,1,1,1.0,64,Negative,457532,82,4,3,Medium,9,4,6
3,8,8,1.0,8,Negative,427984,65,3,4,Low,9,2,1
3,11,6,0.5454545454545454,25,Neutral,492559,55,8,5,Low,7,5,7
3,3,3,1.0,19,Neutral,98505,50,5,0,Medium,7,5,6
1,8,5,0.625,40,Neutral,120301,88,1,4,Medium,7,4,7
2,12,2,0.16666666666666666,16,Positive,351282,51,4,5,Low,10,4,7
2,6,3,0.5,24,Neutral,70680,88,3,4,Medium,7,6,8
1,13,0,0.0,50,Positive,417237,64,4,1,Low,6,7,4
1,4,4,1.0,57,Negative,341587,72,1,4,Low,6,7,4
2,6,4,0.6666666666666666,12,Positive,468598,77,2,3,High,3,4,8
2,9,5,0.5555555555555556,25,Negative,94935,88,8,0,High,4,4,5
5,2,0,0.0,7,Neutral,175883,95,9,3,Low,8,5,4
4,1,1,1.0,3,Positive,72897,65,3,2,Medium,2,7,1
1,1,1,1.0,52,Negative,339038,88,2,1,Medium,9,1,6
6,1,1,1.0,9,Neutral,480688,85,10,3,Medium,9,7,1
1,3,2,0.6666666666666666,63,Neutral,112544,92,2,5,Medium,8,2,7
6,11,0,0.0,4,Positive,260333,96,8,0,High,7,10,4
4,9,2,0.2222222222222222,4,Negative,317704,64,6,2,Low,8,4,8
1,1,0,0.0,44,Neutral,493343,54,3,0,High,10,5,9
1,13,11,0.8461538461538461,56,Neutral,385647,56,1,1,High,9,6,6
4,5,2,0.4,12,Negative,324530,50,4,2,High,10,10,5
1,3,3,1.0,40,Negative,266584,61,6,2,Medium,3,3,4
1,15,1,0.06666666666666667,55,Positive,309880,71,3,4,Medium,8,1,10
1,9,8,0.8888888888888888,45,Negative,469541,71,3,1,High,7,2,8
2,3,3,1.0,45,Neutral,46578,71,10,1,Low,7,5,4
1,10,0,0.0,43,Positive,431157,87,10,1,Medium,5,4,2
1,7,3,0.42857142857142855,66,Negative,392702,66,9,4,Medium,3,6,6
5,3,2,0.6666666666666666,7,Positive,70506,72,7,3,Low,7,9,4
1,11,10,0.9090909090909091,68,Negative,181280,72,3,1,Low,10,6,8
2,13,4,0.3076923076923077,20,Positive,387942,82,3,5,Low,6,7,8
1,7,0,0.0,52,Neutral,77648,91,9,3,Medium,8,9,3
1,12,3,0.25,72,Positive,300581,93,5,5,Medium,5,7,1
1,4,1,0.25,56,Neutral,140085,61,2,2,High,9,2,9
1,7,2,0.2857142857142857,63,Negative,360404,63,3,3,Low,10,3,2
5,13,6,0.46153846153846156,9,Negative,22910,96,7,5,High,6,9,10
1,12,5,0.4166666666666667,21,Neutral,116653,65,6,5,Low,3,1,3
1,2,1,0.5,61,Negative,373068,99,5,2,High,7,7,5
3,3,2,0.6666666666666666,33,Negative,28828,96,9,1,Medium,6,9,3
2,0,0,1.0,17,Positive,292620,64,6,0,Medium,4,1,2
1,10,5,0.5,72,Positive,457795,96,10,3,Low,6,3,10
1,4,3,0.75,72,Neutral,137723,64,3,1,Low,8,9,4
4,11,2,0.18181818181818182,20,Positive,350981,82,8,1,Medium,8,10,9
1,4,3,0.75,14,Negative,163564,52,2,1,Medium,8,1,8
3,2,0,0.0,21,Neutral,317480,71,7,1,Low,8,7,1
1,10,1,0.1,56,Neutral,171684,95,7,1,High,3,1,6
4,12,0,0.0,11,Negative,360274,93,3,3,High,9,10,6
2,12,2,0.16666666666666666,36,Neutral,349532,95,10,5,Low,6,4,4
1,2,1,0.5,34,Negative,238652,51,3,4,Medium,7,5,8
2,3,0,0.0,11,Negative,393919,53,2,3,Medium,5,3,2
1,0,0,1.0,35,Positive,414864,81,6,2,High,3,8,9
1,1,0,0.0,57,Neutral,215433,69,9,2,Medium,3,9,7
1,13,12,0.9230769230769231,19,Neutral,206151,62,5,4,Medium,1,2,6
1,13,9,0.6923076923076923,57,Neutral,344546,94,8,3,Low,4,6,8
2,11,6,0.5454545454545454,29,Neutral,325339,61,9,0,Low,10,1,3
1,12,6,0.5,45,Positive,25724,100,3,1,Low,9,5,3
1,2,2,1.0,68,Neutral,249656,72,9,0,High,6,5,1
4,8,6,0.75,5,Negative,256365,100,4,1,High,4,10,3
6,6,2,0.3333333333333333,5,Neutral,258991,92,10,2,High,5,9,6
3,2,1,0.5,22,Positive,391119,69,7,2,Low,6,9,4
1,13,11,0.8461538461538461,50,Negative,365562,86,3,4,Low,10,10,3
3,15,0,0.0,11,Negative,97435,71,3,3,Low,8,8,9
3,8,3,0.375,22,Neutral,239702,66,7,2,High,1,9,2
4,8,8,1.0,3,Neutral,33213,52,6,4,Medium,6,3,2
4,12,5,0.4166666666666667,1,Negative,444478,99,2,0,Medium,6,9,2
3,5,2,0.4,10,Positive,204729,58,7,3,Low,8,1,1
1,2,1,0.5,55,Neutral,71170,66,1,5,Low,2,2,5
4,3,0,0.0,10,Negative,281604,58,7,1,Low,3,9,7
1,6,5,0.8333333333333334,69,Negative,364668,77,2,4,Medium,9,6,4
1,12,5,0.4166666666666667,67,Negative,16291,63,2,4,Medium,9,7,8
1,11,11,1.0,68,Neutral,373826,58,5,1,High,4,1,7
2,7,3,0.42857142857142855,34,Negative,302248,78,8,4,Low,7,8,7
1,10,6,0.6,66,Positive,128045,86,4,4,Low,7,5,9
1,15,9,0.6,38,Neutral,16352,86,2,1,Low,7,10,10
4,15,0,0.0,13,Negative,59143,96,10,0,Medium,2,3,7
2,8,5,0.625,11,Neutral,304757,87,2,5,Medium,7,3,9
2,11,0,0.0,35,Neutral,214491,96,10,4,Medium,7,2,4
1,4,1,0.25,47,Neutral,337786,64,2,2,High,7,1,2
1,3,2,0.6666666666666666,22,Neutral,193108,61,3,0,Medium,8,1,3
1,15,2,0.13333333333333333,53,Neutral,351679,62,9,3,High,8,9,5
1,7,0,0.0,72,Negative,365522,64,3,3,High,4,7,3
4,13,7,0.5384615384615384,8,Negative,72179,64,5,1,Medium,5,9,3
1,9,1,0.1111111111111111,35,Negative,207380,92,6,0,Low,1,7,1
2,0,0,1.0,23,Positive,74948,72,6,5,Low,4,2,1
2,9,9,1.0,38,Positive,179939,73,7,2,Medium,1,10,4
3,13,3,0.23076923076923078,7,Neutral,296586,62,6,0,High,4,1,6
1,14,2,0.14285714285714285,27,Negative,372630,65,7,3,Medium,4,2,5
3,8,3,0.375,24,Neutral,57803,59,6,2,High,8,8,3
3,2,1,0.5,5,Negative,129503,51,7,4,Low,1,1,1
1,11,1,0.09090909090909091,64,Neutral,327792,79,4,2,High,7,8,3
2,4,0,0.0,17,Negative,331329,84,3,5,Medium,1,9,6
1,5,3,0.6,49,Negative,228732,59,2,1,Medium,3,7,4
4,7,3,0.42857142857142855,7,Positive,354948,98,7,0,Medium,9,5,7
1,9,3,0.3333333333333333,34,Negative,50302,66,9,5,High,9,1,4
1,3,3,1.0,66,Positive,202123,67,10,3,Low,10,5,2
1,15,14,0.9333333333333333,57,Positive,398527,55,5,0,High,5,2,1
1,13,11,0.8461538461538461,68,Negative,238908,67,4,1,Low,10,5,7
2,9,9,1.0,33,Positive,54220,70,9,3,Low,3,7,4
1,11,7,0.6363636363636364,46,Neutral,45825,92,3,1,High,6,1,1
1,11,2,0.18181818181818182,35,Negative,48896,62,5,4,Low,7,1,6
1,12,3,0.25,53,Positive,226953,82,3,3,High,6,2,5
2,14,12,0.8571428571428571,30,Negative,376763,76,10,4,High,4,4,9
1,11,10,0.9090909090909091,64,Positive,323203,75,9,0,High,9,6,8
1,8,5,0.625,36,Positive,489718,84,5,5,Medium,2,6,6
1,9,2,0.2222222222222222,70,Positive,350371,64,3,3,Low,2,9,4
1,3,1,0.3333333333333333,54,Positive,370746,83,2,5,Low,3,2,10
1,13,7,0.5384615384615384,67,Positive,416281,52,10,1,High,4,8,6
3,11,0,0.0,16,Neutral,13104,52,4,5,High,6,9,5
1,3,2,0.6666666666666666,52,Neutral,109124,99,1,1,High,10,2,6
1,8,6,0.75,65,Negative,400759,65,4,3,Low,6,1,10
4,2,2,1.0,24,Neutral,27775,100,9,0,Low,10,6,5
1,7,7,1.0,41,Negative,297271,68,9,0,Medium,4,3,4
1,13,0,0.0,46,Neutral,60431,66,1,1,Low,9,8,5
3,10,3,0.3,19,Neutral,279160,62,7,5,High,8,5,4
3,0,0,1.0,27,Neutral,359573,64,8,5,Low,10,5,6
3,10,3,0.3,4,Neutral,369647,75,2,5,Medium,1,10,9
3,1,1,1.0,10,Neutral,193334,83,5,1,High,7,4,7
4,15,5,0.3333333333333333,16,Positive,490551,53,9,3,Low,7,8,2
1,7,5,0.7142857142857143,51,Negative,420993,86,7,0,Medium,4,6,6
1,0,0,1.0,37,Positive,176899,50,3,4,Medium,7,2,3
5,15,11,0.7333333333333333,13,Negative,54791,66,10,2,Medium,3,8,7
1,7,6,0.8571428571428571,72,Negative,228566,87,7,3,High,1,4,8
3,6,2,0.3333333333333333,5,Negative,157151,83,1,0,Medium,4,9,1
2,4,2,0.5,19,Neutral,51422,92,5,5,High,8,2,7
1,9,2,0.2222222222222222,32,Neutral,323750,99,5,1,High,9,1,4
1,12,6,0.5,72,Negative,186463,79,3,2,Low,10,10,4
1,2,0,0.0,43,Neutral,37560,90,1,4,Low,2,10,2
1,6,1,0.16666666666666666,41,Neutral,443016,54,6,5,Low,1,4,4
1,2,2,1.0,50,Negative,346542,83,3,0,Low,5,5,6
1,13,13,1.0,63,Negative,457957,58,9,2,High,7,5,2
2,4,1,0.25,5,Positive,419429,52,1,0,Medium,6,4,2
1,5,1,0.2,35,Neutral,179060,65,5,1,Low,10,2,10
1,11,5,0.45454545454545453,49,Negative,20701,67,5,3,Low,8,1,2
1,7,3,0.42857142857142855,52,Negative,287769,90,7,4,Low,5,4,4
1,0,0,1.0,58,Negative,430438,63,1,4,Low,6,10,9
2,4,1,0.25,30,Neutral,34895,72,4,5,High,6,9,3
1,12,4,0.3333333333333333,44,Positive,425037,53,8,3,Medium,8,2,9
4,6,0,0.0,6,Negative,114600,73,4,3,Low,2,10,1
1,14,11,0.7857142857142857,71,Negative,458308,76,8,3,High,6,9,4
3,12,11,0.9166666666666666,17,Neutral,284082,90,5,3,Medium,3,8,10
3,8,3,0.375,21,Negative,409350,82,5,4,Low,2,9,4
4,13,3,0.23076923076923078,21,Negative,119922,93,7,5,High,7,10,2
2,4,2,0.5,39,Positive,114398,96,7,5,High,9,8,6
1,15,3,0.2,70,Positive,147921,99,2,2,High,7,5,6
2,6,0,0.0,24,Positive,301605,54,10,2,High,4,1,2
1,1,1,1.0,71,Negative,372066,74,5,4,Low,2,6,9
1,8,1,0.125,63,Positive,232358,78,4,0,Low,3,10,6
1,8,4,0.5,57,Negative,162992,99,3,5,High,10,8,4
1,1,1,1.0,16,Neutral,32579,90,3,4,Medium,2,1,1
1,5,4,0.8,70,Negative,67035,84,4,5,Medium,10,10,3
1,14,10,0.7142857142857143,39,Negative,437028,69,7,5,High,10,5,5
4,1,0,0.0,7,Positive,285235,63,6,2,Medium,4,6,9
3,15,9,0.6,30,Negative,310710,72,9,5,High,7,5,2
4,7,5,0.7142857142857143,2,Negative,315172,84,8,0,Low,1,4,7
5,4,3,0.75,1,Negative,63408,81,6,2,Low,9,4,5
2,12,8,0.6666666666666666,52,Negative,436785,87,9,2,Medium,9,10,6
2,1,1,1.0,30,Negative,169170,58,3,1,Medium,3,10,8
2,1,1,1.0,29,Positive,16069,80,7,3,Medium,5,7,5
4,1,1,1.0,5,Negative,118472,85,5,2,High,6,5,1
1,14,1,0.07142857142857142,68,Positive,327873,92,2,1,High,4,5,10
1,15,8,0.5333333333333333,39,Negative,361172,85,5,5,Low,10,4,9
1,4,1,0.25,67,Positive,225755,75,9,1,Medium,4,6,1
4,10,1,0.1,3,Positive,261281,78,4,4,Medium,6,6,2
1,14,5,0.35714285714285715,67,Positive,90292,58,3,3,Low,3,9,7
1,15,7,0.4666666666666667,43,Negative,397843,51,5,4,High,7,8,5
1,2,2,1.0,28,Positive,203659,74,3,2,Low,3,2,8
1,14,1,0.07142857142857142,41,Neutral,406019,62,2,2,High,4,5,10
5,9,8,0.8888888888888888,15,Positive,483268,78,9,0,Low,8,9,2
1,9,6,0.6666666666666666,62,Negative,315439,56,4,0,Medium,4,9,8
1,8,0,0.0,32,Neutral,165696,79,2,3,Low,3,5,5
1,13,12,0.9230769230769231,63,Positive,134093,67,8,5,Low,5,4,9
1,15,4,0.26666666666666666,21,Neutral,468146,66,5,4,High,4,2,7
1,14,1,0.07142857142857142,55,Negative,14658,97,9,1,High,9,8,2
1,5,5,1.0,42,Positive,78577,79,5,2,Low,7,10,7
3,13,3,0.23076923076923078,22,Positive,337952,59,9,5,Medium,5,5,10
1,10,1,0.1,27,Positive,233429,53,2,3,High,3,8,2
3,2,2,1.0,21,Positive,330553,66,9,4,Medium,1,3,3
3,15,4,0.26666666666666666,10,Negative,232484,51,5,5,Medium,1,7,6
2,11,10,0.9090909090909091,18,Negative,259291,90,6,1,High,10,1,3
1,3,3,1.0,11,Negative,49874,95,1,4,High,2,3,3
1,7,5,0.7142857142857143,36,Positive,323572,61,8,2,Low,10,1,10
4,14,3,0.21428571428571427,4,Neutral,251889,73,1,2,Medium,8,9,7
4,5,4,0.8,6,Negative,294466,53,9,0,Medium,6,1,6
3,14,0,0.0,14,Negative,228344,73,7,4,Medium,3,4,3
1,13,10,0.7692307692307693,70,Neutral,297806,97,5,1,Medium,10,7,8
1,15,13,0.8666666666666667,65,Neutral,317100,75,5,2,Medium,3,2,8
1,4,1,0.25,70,Negative,157608,56,6,4,High,10,9,7
1,4,4,1.0,26,Negative,169779,82,4,3,Low,5,1,2
2,2,0,0.0,33,Positive,499966,88,9,1,Medium,8,5,6
1,4,2,0.5,70,Negative,308214,63,7,0,Low,8,5,5
1,14,9,0.6428571428571429,62,Negative,445933,57,6,4,High,9,2,2
2,10,1,0.1,18,Positive,157681,76,5,2,Low,6,3,7
1,15,7,0.4666666666666667,27,Negative,129765,88,2,0,Low,5,4,2
1,2,1,0.5,30,Positive,74091,79,3,5,High,6,6,8
1,0,0,1.0,41,Negative,476176,53,4,3,Medium,10,5,4
1,10,10,1.0,64,Positive,393720,73,8,5,Low,8,10,8
1,14,2,0.14285714285714285,62,Negative,300817,51,6,2,High,9,2,5
3,10,1,0.1,16,Neutral,469808,50,8,1,Low,2,5,9
1,2,1,0.5,58,Negative,267570,95,8,2,Medium,10,3,10
3,11,7,0.6363636363636364,9,Positive,12767,69,4,4,Low,3,7,7
3,10,4,0.4,16,Positive,49774,62,8,3,Medium,9,1,9
1,5,3,0.6,56,Positive,301257,55,8,3,High,5,4,4
1,3,2,0.6666666666666666,68,Positive,370410,93,1,0,Low,4,10,3
1,2,2,1.0,58,Neutral,208357,66,8,3,Low,8,8,7
1,2,1,0.5,28,Neutral,358083,57,5,2,High,8,2,9
1,2,2,1.0,48,Positive,361046,95,6,0,Low,8,1,3
2,3,2,0.6666666666666666,41,Positive,357627,72,9,4,Medium,8,7,3
1,1,1,1.0,72,Neutral,150715,92,8,2,Low,5,1,6
3,7,4,0.5714285714285714,24,Positive,164460,65,7,2,Low,1,8,10
4,4,4,1.0,19,Neutral,410585,70,9,0,Low,2,8,1
1,0,0,1.0,41,Positive,347714,92,5,0,High,5,3,6
2,7,4,0.5714285714285714,15,Positive,444896,80,2,0,High,5,6,6
3,10,9,0.9,22,Positive,168017,80,9,3,High,1,4,6
3,8,4,0.5,26,Neutral,291246,74,7,2,Low,9,8,5
2,13,3,0.23076923076923078,14,Negative,490137,91,1,4,High,6,7,1
1,10,7,0.7,45,Neutral,180735,76,9,4,Low,6,2,10
1,8,5,0.625,69,Negative,348121,75,9,5,High,7,7,4
3,10,1,0.1,23,Positive,38087,79,8,1,High,1,7,10
1,15,10,0.6666666666666666,69,Negative,113517,85,9,3,High,9,2,6
1,11,0,0.0,61,Negative,476226,73,7,4,High,9,5,6
1,0,0,1.0,45,Neutral,216579,66,9,3,Low,2,7,10
1,7,0,0.0,27,Negative,258989,89,2,2,High,7,8,10
5,5,3,0.6,11,Neutral,153414,83,6,4,High,8,10,3
1,15,5,0.3333333333333333,50,Negative,215029,54,7,3,Medium,6,3,3
1,5,2,0.4,55,Neutral,225464,65,5,2,Medium,1,8,7
1,3,0,0.0,72,Neutral,183911,96,2,1,Medium,3,8,8
4,3,2,0.6666666666666666,6,Negative,299648,84,7,5,Low,9,1,2
5,7,3,0.42857142857142855,3,Neutral,255165,75,8,2,High,9,2,6
4,10,4,0.4,13,Neutral,181241,61,10,3,High,5,3,8
2,1,1,1.0,30,Positive,353963,75,8,3,High,8,5,3
3,13,0,0.0,10,Negative,384326,96,4,3,Medium,2,6,5
1,5,3,0.6,19,Neutral,404019,74,2,0,High,2,7,4
1,11,10,0.9090909090909091,43,Positive,445573,85,10,1,Low,5,5,8
1,0,0,1.0,61,Positive,232580,73,1,2,High,7,9,2
1,14,3,0.21428571428571427,50,Positive,126672,90,10,2,Low,2,7,8
1,15,7,0.4666666666666667,64,Negative,68629,65,9,3,Low,6,10,10
1,0,0,1.0,47,Positive,279291,57,9,5,High,5,5,9
1,4,1,0.25,50,Positive,51992,70,5,1,High,10,3,8
4,4,4,1.0,15,Negative,138243,74,8,2,Medium,8,3,1
2,13,0,0.0,24,Negative,331160,91,8,4,Medium,4,5,6
5,11,9,0.8181818181818182,5,Neutral,78133,66,6,0,High,6,9,10
1,12,1,0.08333333333333333,68,Negative,330453,59,10,1,Low,9,9,6
1,15,2,0.13333333333333333,47,Negative,101376,73,6,0,Medium,8,7,9
1,8,3,0.375,67,Negative,58985,87,1,3,High,3,4,6
1,6,0,0.0,62,Neutral,392084,63,2,4,Low,10,8,7
1,14,6,0.42857142857142855,59,Neutral,402134,53,10,1,Medium,5,5,5
2,10,4,0.4,46,Positive,395113,79,10,4,Medium,4,9,5
1,3,3,1.0,60,Negative,122751,51,2,1,Medium,6,8,8
3,14,12,0.8571428571428571,23,Positive,34259,87,6,3,Low,3,10,4
3,14,2,0.14285714285714285,30,Positive,173453,51,9,4,Medium,8,6,6
1,1,1,1.0,50,Negative,178948,70,6,2,Medium,8,10,5
2,8,2,0.25,5,Neutral,298339,56,1,2,Low,3,6,1
1,5,2,0.4,43,Negative,328847,83,9,1,Medium,2,4,10
2,14,12,0.8571428571428571,25,Neutral,99655,84,2,5,Medium,10,8,8
1,4,3,0.75,48,Neutral,265306,87,3,2,Low,4,3,5
1,14,5,0.35714285714285715,50,Negative,353975,100,8,2,Medium,6,8,5
1,6,6,1.0,28,Neutral,70170,56,2,1,High,7,7,3
3,3,1,0.3333333333333333,11,Neutral,397434,100,6,0,High,8,2,6
4,11,7,0.6363636363636364,11,Neutral,108217,74,7,1,High,10,4,8
1,8,4,0.5,33,Neutral,50484,75,4,2,Medium,3,4,4
2,3,1,0.3333333333333333,18,Neutral,22608,85,5,5,High,3,7,7
1,1,0,0.0,71,Negative,235282,56,7,4,Medium,1,3,10
1,12,10,0.8333333333333334,44,Positive,471336,59,6,0,Low,5,4,2
1,7,5,0.7142857142857143,60,Neutral,169848,98,9,1,High,6,5,3
1,15,9,0.6,54,Positive,109859,88,6,2,High,2,8,9
1,7,3,0.42857142857142855,50,Neutral,80113,63,7,4,Medium,5,4,5
1,0,0,1.0,72,Negative,454459,65,9,2,High,10,2,8
1,11,10,0.9090909090909091,30,Positive,343481,96,8,0,Medium,6,1,2
4,7,7,1.0,21,Neutral,381633,89,9,4,High,9,6,3
1,11,3,0.2727272727272727,50,Neutral,332962,57,5,5,Low,1,6,6
1,12,11,0.9166666666666666,65,Negative,398597,91,6,1,Medium,8,4,8
1,14,10,0.7142857142857143,65,Negative,271664,95,4,4,Low,7,7,5
1,11,9,0.8181818181818182,52,Neutral,469540,51,4,4,High,10,6,3
1,12,2,0.16666666666666666,70,Neutral,135369,79,8,2,Low,6,2,10
4,4,0,0.0,14,Neutral,365284,66,8,5,Low,2,7,3
3,15,6,0.4,4,Neutral,72757,51,4,4,Low,7,2,7
1,2,2,1.0,61,Negative,496326,58,2,4,Low,4,8,5
1,9,6,0.6666666666666666,46,Negative,24794,99,2,1,High,4,2,5
1,0,0,1.0,58,Neutral,267962,71,1,5,Low,2,2,5
1,7,5,0.7142857142857143,60,Positive,352427,95,2,2,Medium,9,2,7
4,8,6,0.75,24,Negative,404974,90,7,0,High,10,8,10
1,14,9,0.6428571428571429,65,Positive,155605,66,6,3,High,2,6,5
1,13,5,0.38461538461538464,49,Neutral,482017,86,1,3,Low,2,6,7
1,2,2,1.0,55,Neutral,323868,79,5,2,Low,10,8,5
1,4,3,0.75,45,Positive,143436,74,6,4,Medium,9,7,8
1,3,3,1.0,70,Positive,154054,93,10,5,Low,9,8,7
6,6,6,1.0,9,Negative,177505,94,10,4,Low,10,7,6
2,15,8,0.5333333333333333,17,Positive,70692,78,5,3,High,5,3,2
1,3,2,0.6666666666666666,63,Negative,167058,54,2,5,High,5,10,3
1,9,2,0.2222222222222222,63,Positive,227115,92,4,1,High,1,1,10
3,15,4,0.26666666666666666,12,Negative,437171,92,5,4,High,3,7,8
3,11,1,0.09090909090909091,18,Neutral,341986,64,5,5,Low,6,6,10
4,5,3,0.6,21,Negative,224422,70,9,0,High,5,9,9
1,13,6,0.46153846153846156,18,Neutral,61358,63,4,1,Low,2,1,5
1,4,0,0.0,9,Positive,368740,68,1,2,Medium,3,3,3
5,7,3,0.42857142857142855,5,Positive,167029,94,10,3,Low,6,5,5
3,8,7,0.875,13,Negative,204148,100,2,1,Medium,7,10,2
3,1,0,0.0,4,Neutral,30303,72,3,2,High,4,5,6
1,13,2,0.15384615384615385,35,Neutral,63135,84,5,3,Low,10,5,3
1,4,3,0.75,57,Negative,255608,82,8,5,Low,8,3,5
2,0,0,1.0,25,Positive,227314,87,10,5,High,2,1,6
1,5,5,1.0,62,Neutral,343516,62,7,0,Low,8,5,5
2,4,1,0.25,30,Negative,381603,77,5,4,High,6,7,5
1,0,0,1.0,25,Neutral,230068,67,1,2,Medium,6,7,8
1,10,4,0.4,63,Neutral,179281,65,7,3,High,1,4,5
2,10,0,0.0,20,Neutral,396117,55,3,5,High,9,7,6
1,1,1,1.0,22,Negative,441347,89,5,4,High,5,1,5
1,4,0,0.0,22,Positive,359186,56,3,0,High,5,5,1
6,8,4,0.5,1,Positive,425275,55,10,4,Low,6,6,9
1,5,5,1.0,55,Positive,456086,51,8,5,High,9,10,1
1,14,12,0.8571428571428571,64,Neutral,232174,84,2,2,High,3,4,1
1,6,2,0.3333333333333333,27,Neutral,46946,51,1,3,Medium,3,1,10
1,14,8,0.5714285714285714,54,Positive,471867,59,3,5,Medium,1,1,2
4,14,0,0.0,11,Neutral,203478,87,9,5,Medium,5,6,6
1,5,2,0.4,42,Positive,368911,85,4,1,Low,2,4,8
1,1,0,0.0,44,Positive,337371,61,8,5,Medium,4,2,6
3,3,0,0.0,26,Negative,311670,56,9,4,Medium,1,9,3
2,6,2,0.3333333333333333,21,Negative,68173,62,5,1,Medium,2,8,6
1,4,2,0.5,42,Neutral,148430,77,6,2,High,6,2,8
1,14,11,0.7857142857142857,71,Negative,299887,98,6,4,Low,10,2,6
1,13,5,0.38461538461538464,42,Neutral,475213,66,3,4,High,1,1,3
1,8,3,0.375,42,Neutral,124157,83,7,5,Medium,10,2,5
1,13,1,0.07692307692307693,59,Positive,172640,94,4,2,Low,9,6,3
1,2,0,0.0,69,Negative,131293,60,10,0,Low,10,10,1
1,13,6,0.46153846153846156,72,Positive,48402,52,7,1,Low,2,10,7
1,13,10,0.7692307692307693,46,Negative,94630,79,8,2,High,8,7,4
3,13,3,0.23076923076923078,13,Neutral,427773,62,5,4,High,6,4,3
1,2,0,0.0,35,Negative,13683,84,6,0,High,2,9,6
5,14,14,1.0,7,Negative,172724,75,7,5,Medium,8,8,9
1,7,7,1.0,39,Positive,266310,53,2,1,High,1,4,9
1,1,0,0.0,57,Neutral,364832,65,1,0,High,1,8,10
1,14,11,0.7857142857142857,43,Positive,413711,71,8,1,Low,2,1,8
3,14,12,0.8571428571428571,26,Positive,112921,58,8,0,High,3,8,4
1,5,3,0.6,72,Neutral,50704,89,9,2,High,5,1,7
1,8,3,0.375,25,Positive,437390,72,4,3,Medium,2,3,9
2,3,2,0.6666666666666666,22,Positive,483831,83,1,4,Medium,10,9,5
1,1,0,0.0,45,Negative,229564,51,7,4,Medium,4,2,4
2,14,12,0.8571428571428571,40,Neutral,355839,91,9,3,Medium,6,9,2
5,7,4,0.5714285714285714,11,Neutral,68768,64,9,1,Medium,4,9,5
1,5,5,1.0,40,Positive,483391,95,7,2,Low,8,6,9
2,12,3,0.25,30,Neutral,445382,56,7,4,Medium,9,5,10
1,11,1,0.09090909090909091,44,Negative,164495,83,6,3,High,1,4,9
2,14,5,0.35714285714285715,17,Positive,417060,75,7,3,High,2,3,9
1,0,0,1.0,26,Neutral,388861,56,2,5,High,3,3,7
3,2,2,1.0,4,Neutral,379178,56,2,0,Medium,9,4,8
